episode,episode_length,episode_reward,frame,step,success_percentage,total_time
0.0,5.0,-39.55234138574754,0,0.0,0.0,0.0
0.0,5.0,-36.13129784393082,500,500.0,0.0,9.860995769500732
