episode,episode_length,episode_reward,frame,step,success_percentage,total_time
0.0,5.0,-39.76795760315672,0,0.0,0.0,0.000997304916381836
10.0,5.0,-39.93722290970094,500,500.0,0.0,2.9743435382843018
20.0,5.0,-39.53153369556443,1000,1000.0,0.0,29.802260875701904
