episode,episode_length,episode_reward,frame,step,success_percentage,total_time
0.0,5.0,-40.55015854080462,0,0.0,0.0,0.0010731220245361328
10.0,5.0,-40.57498065070503,500,500.0,0.0,1.9449305534362793
