episode,episode_length,episode_reward,frame,step,success_percentage,total_time
0.0,5.0,-40.00943860819221,0,0.0,0.0,0.0
10.0,5.0,-40.10597318415437,500,500.0,0.0,2.67490816116333
20.0,5.0,-37.98791102916182,1000,1000.0,0.0,22.06910490989685
30.0,5.0,-37.07695300537797,1500,1500.0,0.0,36.88579273223877
