episode,episode_length,episode_reward,frame,step,success_percentage,total_time
0.0,5.0,-39.76795760315672,0,0.0,0.0,0.0019953250885009766
10.0,5.0,-40.272674454206616,500,500.0,0.0,2.8027384281158447
20.0,5.0,-38.368759896417046,1000,1000.0,0.0,24.829406023025513
30.0,5.0,-37.10160786887816,1500,1500.0,0.0,38.90672421455383
40.0,5.0,-39.16857320098698,2000,2000.0,0.0,52.65201807022095
