episode,episode_length,episode_reward,frame,step,success_percentage,total_time
0.0,5.0,-40.00943860819221,0,0.0,0.0,0.0
10.0,5.0,-40.10597318415437,500,500.0,0.0,2.855238437652588
