episode,episode_length,episode_reward,frame,step,success_percentage,total_time
0.0,5.0,-40.297183484664174,0,0.0,0.0,0.0
10.0,5.0,-40.74832471225472,500,500.0,0.0,3.8078763484954834
