episode,episode_length,episode_reward,frame,step,success_percentage,total_time
0.0,5.0,-22.046017913770605,0,0.0,0.0,200.90197277069092
10.0,5.0,-21.875456154546068,500,500.0,0.0,203.7499771118164
