episode,episode_length,episode_reward,frame,step,success_percentage,total_time
0.0,5.0,-40.55015854080462,0,0.0,0.0,0.001010894775390625
10.0,5.0,-40.57498065070503,500,500.0,0.0,1.89089035987854
20.0,5.0,-40.492495459818095,1000,1000.0,0.0,24.687429904937744
30.0,5.0,-37.66723036310379,1500,1500.0,0.0,44.34238386154175
