episode,episode_length,episode_reward,frame,step,success_percentage,total_time
0.0,5.0,-40.00943860819221,0,0.0,0.0,0.0
10.0,5.0,-40.10597318415437,500,500.0,0.0,4.053335666656494
20.0,5.0,-39.07981304303123,1000,1000.0,0.0,24.91847252845764
30.0,5.0,-36.30269435268084,1500,1500.0,0.0,40.42542505264282
40.0,5.0,-36.92906818428957,2000,2000.0,0.0,59.175825357437134
50.0,5.0,-39.31532857611925,2500,2500.0,0.0,80.1939799785614
