episode,episode_length,episode_reward,frame,step,success_percentage,total_time
0.0,5.0,-39.76795760315672,0,0.0,0.0,0.000997304916381836
10.0,5.0,-39.93722290970094,500,500.0,0.0,1.8520052433013916
20.0,5.0,-39.53153369556443,1000,1000.0,0.0,15.522905349731445
30.0,5.0,-36.51552321689871,1500,1500.0,0.0,27.712228298187256
40.0,5.0,-38.26024671169996,2000,2000.0,0.0,41.31415009498596
