episode,episode_length,episode_reward,frame,step,success_percentage,total_time
0.0,5.0,-22.046017913770605,0,0.0,0.0,166.815664768219
10.0,5.0,-21.875456154546068,500,500.0,0.0,168.3803629875183
