episode,episode_length,episode_reward,frame,step,success_percentage,total_time
0.0,5.0,-40.55015854080462,0,0.0,0.0,0.001009225845336914
10.0,5.0,-40.57498065070503,500,500.0,0.0,1.8570139408111572
20.0,5.0,-40.46470496236632,1000,1000.0,0.0,14.658328533172607
30.0,5.0,-37.908510615116114,1500,1500.0,0.0,24.32224202156067
40.0,5.0,-35.90334808529289,2000,2000.0,0.0,33.23502254486084
50.0,5.0,-33.36216822251635,2500,2500.0,0.0,42.54089879989624
60.0,5.0,-32.21262980446606,3000,3000.0,0.0,51.57925224304199
70.0,5.0,-33.17647120623426,3500,3500.0,0.0,60.2445969581604
80.0,5.0,-34.73108064328322,4000,4000.0,0.0,73.14115071296692
