episode,episode_length,episode_reward,frame,step,success_percentage,total_time
0.0,5.0,-22.046017913770605,0,0.0,0.0,187.5423858165741
10.0,5.0,-21.875456154546068,500,500.0,0.0,190.48909068107605
