episode,episode_length,episode_reward,frame,step,success_percentage,total_time
0.0,5.0,-22.046017913770605,0,0.0,0.0,316.78896594047546
10.0,5.0,-21.875456154546068,500,500.0,0.0,319.8462347984314
