episode,episode_length,episode_reward,frame,step,success_percentage,total_time
0.0,5.0,-40.55015854080462,0,0.0,0.0,0.0011293888092041016
10.0,5.0,-40.57498065070503,500,500.0,0.0,1.9852955341339111
20.0,5.0,-40.56787548246347,1000,1000.0,0.0,14.713409185409546
30.0,5.0,-38.22101156440506,1500,1500.0,0.0,23.21617603302002
