episode,episode_length,episode_reward,frame,step,success_percentage,total_time
0.0,5.0,-40.55015854080462,0,0.0,0.0,0.0010106563568115234
10.0,5.0,-40.57498065070503,500,500.0,0.0,1.7924096584320068
20.0,5.0,-40.56787548246347,1000,1000.0,0.0,14.08643126487732
30.0,5.0,-38.22101156440506,1500,1500.0,0.0,23.07106328010559
40.0,5.0,-31.32035283763228,2000,2000.0,0.0,31.624669551849365
50.0,5.0,-38.09117185852867,2500,2500.0,0.0,40.232208251953125
60.0,5.0,-45.83108342555926,3000,3000.0,0.0,49.37074899673462
